,pre_CPL,CPL
XBXBXBX,2.4375,7.888888888888889
BXBXBXB,1.875,6.444444444444445
